{"fragments": [{"start": 0, "end": 3.2499999999999942, "fragment-type": "normal"}, {"start": 3.2499999999999942, "end": 4.749999999999991, "fragment-type": "normal"}, {"start": 4.749999999999991, "end": 6.249999999999988, "fragment-type": "normal"}, {"start": 6.249999999999988, "end": 12.750000000000206, "fragment-type": "normal"}]}